<?xml version="1.0" encoding="UTF-8"?>
<!-- Produced by Beyond Compare 4 from Scooter Software -->
<BCSessions Version="1" MinVersion="1">
	<TSessionFolder>
		<Items>
			<TSessionFolder>
				<Items>
					<TDirCompareSession Value="bakthi2 &lt;--> bakthi">
						<LastModified Value="2024-10-06 13:30:45"/>
						<Specs>
							<Left Value="N:\devotional\Music\bakthi2"/>
							<Right Value="N:\devotional\Music\bakthi"/>
						</Specs>
						<State>
							<ColModifiedWidth Value="584"/>
							<ColSizeWidth Value="539"/>
							<DisplayFilter Value="[showLeftAdded, showRightAdded, showLeftChanged, showRightChanged, showConflict]"/>
						</State>
					</TDirCompareSession>
					<TDirCompareSession Value="bakthi">
						<LastModified Value="2024-10-06 13:21:08"/>
						<Specs>
							<Left Value="mtp://OPPO Reno12 Pro 5G/Internal shared storage/Music/bakthi"/>
						</Specs>
						<State>
							<ColSizeWidth Value="69"/>
							<DisplayFilter Value="[showLeftAdded, showRightAdded, showLeftChanged, showRightChanged, showConflict]"/>
						</State>
					</TDirCompareSession>
					<TDirCompareSession Value="data">
						<LastModified Value="2024-09-29 17:00:39"/>
						<Specs>
							<Left Value="D:\data"/>
							<Right Value="G:\data"/>
						</Specs>
						<State>
							<ColSizeWidth Value="69"/>
							<DisplayFilter Value="[showLeftAdded, showRightAdded, showLeftChanged, showRightChanged, showConflict]"/>
						</State>
					</TDirCompareSession>
					<TDirCompareSession Value="vm &lt;--> vm2">
						<LastModified Value="2024-09-29 16:54:40"/>
						<Specs>
							<Left Value="O:\vm"/>
							<Right Value="O:\vm2"/>
						</Specs>
						<State>
							<ColSizeWidth Value="69"/>
							<DisplayFilter Value="[showLeftAdded, showRightAdded, showLeftChanged, showRightChanged, showConflict]"/>
						</State>
					</TDirCompareSession>
					<TDirCompareSession Value="data">
						<LastModified Value="2024-09-27 21:38:44"/>
						<Specs>
							<Left Value="K:\data"/>
							<Right Value="K:\backups\data26Sep2024\data"/>
						</Specs>
						<State>
							<DisplayFilter Value="[showLeftAdded, showRightAdded, showLeftChanged, showRightChanged, showConflict]"/>
						</State>
					</TDirCompareSession>
					<TDirCompareSession Value="npm2 &lt;--> npm21">
						<LastModified Value="2024-09-26 15:04:07"/>
						<Specs>
							<Left Value="D:\projects\cts\office\npm2"/>
							<Right Value="D:\projects\cts\office\npm21"/>
						</Specs>
						<State>
							<DisplayFilter Value="[showLeftAdded, showRightAdded, showLeftChanged, showRightChanged, showConflict]"/>
						</State>
					</TDirCompareSession>
					<TDirCompareSession Value="biddingservice &lt;--> biddingservice_20220509_2118">
						<LastModified Value="2024-09-26 14:32:47"/>
						<Specs>
							<Left Value="D:\projects\cts\biddingservice"/>
							<Right Value="D:\projects\cts\biddingservice_20220509_2118"/>
						</Specs>
						<State>
							<DisplayFilter Value="[showLeftAdded, showRightAdded, showLeftChanged, showRightChanged, showConflict]"/>
						</State>
					</TDirCompareSession>
					<TDirCompareSession Value="ocecustomerweb">
						<LastModified Value="2024-09-26 14:13:54"/>
						<Specs>
							<Left Value="D:\projects\cts\azure\UOB\ocecustomerweb"/>
							<Right Value="D:\projects2\cts\UOB\ocecustomerweb"/>
						</Specs>
						<State>
							<DisplayFilter Value="[showLeftAdded, showRightAdded, showLeftChanged, showRightChanged, showConflict]"/>
						</State>
					</TDirCompareSession>
					<TDirCompareSession Value="ocecustomerweb &lt;--> ocecustomerwebold2">
						<LastModified Value="2024-09-26 14:04:04"/>
						<Specs>
							<Left Value="D:\projects\cts\UOB\ocecustomerweb"/>
							<Right Value="D:\projects\cts\UOB\ocecustomerwebold2"/>
						</Specs>
						<State>
							<DisplayFilter Value="[showLeftAdded, showRightAdded, showLeftChanged, showRightChanged, showConflict]"/>
						</State>
					</TDirCompareSession>
					<TTextCompareSession Value="DraftOnSep17.docx &lt;--> DraftOnSep17_2.docx">
						<LastModified Value="2024-09-18 00:26:53"/>
						<Specs>
							<Left Value="D:\data\tangspac\DraftOnSep17.docx"/>
							<Right Value="D:\data\tangspac\DraftOnSep17_2.docx"/>
						</Specs>
						<State>
							<InsigIgnored Value="True"/>
						</State>
					</TTextCompareSession>
					<TTextCompareSession Value="D:\data\websynergies\Complete_with_Docusign_Sarvanan_Viswanathan-.pdf &lt;--> D:\data\websynergies\Complete_with_Docusign_Sarvanan_Viswanathan-2.pdf">
						<LastModified Value="2024-09-07 20:30:40"/>
						<NoEdit>
							<Left Value="True"/>
						</NoEdit>
						<Specs>
							<Left Value="D:\data\websynergies\Complete_with_Docusign_Sarvanan_Viswanathan-.pdf"/>
							<Right Value="D:\data\websynergies\Complete_with_Docusign_Sarvanan_Viswanathan-2.pdf"/>
						</Specs>
						<State>
							<InsigIgnored Value="True"/>
						</State>
					</TTextCompareSession>
					<TTextCompareSession Value="SaravananVJuly2024DeveloperCTS.docx &lt;--> SaravananVJun2024Developer.docx">
						<LastModified Value="2024-07-19 16:23:04"/>
						<Specs>
							<Left Value="D:\data\cv\SaravananVJuly2024DeveloperCTS.docx"/>
							<Right Value="D:\data\cv\SaravananVJun2024Developer.docx"/>
						</Specs>
						<State>
							<InsigIgnored Value="True"/>
						</State>
					</TTextCompareSession>
					<TTextCompareSession Value="download.jenkins.yaml &lt;--> jenkins.yaml">
						<LastModified Value="2024-07-04 23:15:58"/>
						<Specs>
							<Left Value="D:\tmp\jenkins.saravanjs.com\download.jenkins.yaml"/>
							<Right Value="D:\study\serverjs\sourcecode\database\db\jenkins.yaml"/>
						</Specs>
						<State>
							<InsigIgnored Value="True"/>
						</State>
					</TTextCompareSession>
					<TTextCompareSession Value="view.jenkins.yaml &lt;--> download.jenkins.yaml">
						<LastModified Value="2024-07-04 01:33:30"/>
						<Specs>
							<Left Value="D:\tmp\192.168.50.250\view.jenkins.yaml"/>
							<Right Value="D:\tmp\192.168.50.250\download.jenkins.yaml"/>
						</Specs>
						<State>
							<DisplayFilter Value="[showLeftMod, showRightMod, showDiffMod]"/>
							<InsigIgnored Value="True"/>
						</State>
					</TTextCompareSession>
					<TTextCompareSession Value="SaravananVMay2024TechnicalArchitect.docx &lt;--> SaravananVJun2024Developer.docx">
						<LastModified Value="2024-06-13 16:39:16"/>
						<Specs>
							<Left Value="D:\data\cv\SaravananVMay2024TechnicalArchitect.docx"/>
							<Right Value="D:\data\cv\SaravananVJun2024Developer.docx"/>
						</Specs>
						<State>
							<InsigIgnored Value="True"/>
						</State>
					</TTextCompareSession>
					<TTextCompareSession Value="SaravananFeb2024DotNetReactDeveloper.docx &lt;--> SaravananVMay2024DeveloperPythonJava.docx">
						<LastModified Value="2024-06-07 18:55:39"/>
						<Specs>
							<Left Value="D:\data\cv\SaravananFeb2024DotNetReactDeveloper.docx"/>
							<Right Value="D:\data\cv\SaravananVMay2024DeveloperPythonJava.docx"/>
						</Specs>
						<State>
							<InsigIgnored Value="True"/>
						</State>
					</TTextCompareSession>
					<TTextCompareSession Value="SaravananFeb2024DotNetReactDeveloper.docx">
						<LastModified Value="2024-06-07 18:31:56"/>
						<Specs>
							<Left Value="D:\data\cv\SaravananFeb2024DotNetReactDeveloper.docx"/>
						</Specs>
					</TTextCompareSession>
					<TTextCompareSession Value="architectBulletpoints2.txt &lt;--> architectBulletpoints.txt">
						<LastModified Value="2024-06-07 18:30:10"/>
						<Specs>
							<Left Value="D:\data\cv\Interview\architectBulletpoints2.txt"/>
							<Right Value="D:\data\cv\Interview\architectBulletpoints.txt"/>
						</Specs>
						<State>
							<DisplayFilter Value="[showLeftMod, showRightMod, showDiffMod]"/>
						</State>
					</TTextCompareSession>
					<TTextCompareSession Value="SaravananVJun2024Developer.docx &lt;--> SaravananVMay2024JavaLead.docx">
						<LastModified Value="2024-06-04 18:21:43"/>
						<Specs>
							<Left Value="D:\data\cv\SaravananVJun2024Developer.docx"/>
							<Right Value="D:\data\cv\SaravananVMay2024JavaLead.docx"/>
						</Specs>
						<State>
							<DisplayFilter Value="[showLeftMod, showRightMod, showDiffMod]"/>
						</State>
					</TTextCompareSession>
					<TTextCompareSession Value="MaxCounter.java &lt;--> MaxCounter.kt">
						<LastModified Value="2024-06-03 12:40:35"/>
						<Specs>
							<Left Value="D:\study\listskills\codility\codility\src\main\kotlin\MaxCounter.java"/>
							<Right Value="D:\study\listskills\codility\codility\src\main\kotlin\MaxCounter.kt"/>
						</Specs>
					</TTextCompareSession>
					<TDirCompareSession Value="20220706 &lt;--> ocecustomerweb">
						<LastModified Value="2024-06-01 22:29:08"/>
						<Specs>
							<Left Value="D:\projects\cts\azure\20220706"/>
							<Right Value="D:\projects\cts\UOB\ocecustomerweb"/>
						</Specs>
						<State>
							<DisplayFilter Value="[showLeftAdded, showRightAdded, showLeftChanged, showRightChanged, showConflict]"/>
						</State>
					</TDirCompareSession>
					<TTextCompareSession Value="SaravananVMay2024TechnicalDeliveryManager.docx &lt;--> SaravananVMar2024Manager.docx">
						<LastModified Value="2024-05-24 19:45:26"/>
						<Specs>
							<Left Value="D:\data\cv\SaravananVMay2024TechnicalDeliveryManager.docx"/>
							<Right Value="D:\data\cv\SaravananVMar2024Manager.docx"/>
						</Specs>
						<State>
							<InsigIgnored Value="True"/>
						</State>
					</TTextCompareSession>
					<TTextCompareSession Value="SaravananVFeb2024SolutionArchitectGcp2.docx &lt;--> SaravananVMar2024Manager.docx">
						<LastModified Value="2024-05-24 19:39:07"/>
						<Specs>
							<Left Value="D:\data\cv\SaravananVFeb2024SolutionArchitectGcp2.docx"/>
							<Right Value="D:\data\cv\SaravananVMar2024Manager.docx"/>
						</Specs>
						<State>
							<InsigIgnored Value="True"/>
						</State>
					</TTextCompareSession>
					<TTextCompareSession Value="SaravananVMay2024Developer.docx &lt;--> SaravananVApr2024TechnicalArchitectBNP.docx">
						<LastModified Value="2024-05-23 20:16:42"/>
						<Specs>
							<Left Value="D:\data\cv\SaravananVMay2024Developer.docx"/>
							<Right Value="D:\data\cv\SaravananVApr2024TechnicalArchitectBNP.docx"/>
						</Specs>
						<State>
							<InsigIgnored Value="True"/>
						</State>
					</TTextCompareSession>
					<TTextCompareSession Value="SaravananVMay2024DeveloperPythonJava.docx &lt;--> SaravananVMar2024Developer.docx">
						<LastModified Value="2024-05-23 13:09:05"/>
						<Specs>
							<Left Value="D:\data\cv\SaravananVMay2024DeveloperPythonJava.docx"/>
							<Right Value="D:\data\cv\SaravananVMar2024Developer.docx"/>
						</Specs>
						<State>
							<DisplayFilter Value="[showLeftMod, showRightMod, showDiffMod]"/>
							<InsigIgnored Value="True"/>
						</State>
					</TTextCompareSession>
					<TTextCompareSession Value="SaravananVMay2024DeveloperPythonJava.docx &lt;--> SaravananVmay2024DeveloperForTrading.docx">
						<LastModified Value="2024-05-23 11:23:49"/>
						<Specs>
							<Left Value="D:\data\cv\SaravananVMay2024DeveloperPythonJava.docx"/>
							<Right Value="D:\data\cv\SaravananVmay2024DeveloperForTrading.docx"/>
						</Specs>
						<State>
							<InsigIgnored Value="True"/>
						</State>
					</TTextCompareSession>
					<TTextCompareSession Value="TraderSaravananViswanathanCVAug2023.docx &lt;--> SaravananVMar2024Developer.docx">
						<LastModified Value="2024-05-21 18:10:52"/>
						<Specs>
							<Left Value="D:\data\cv\efinancials\TraderSaravananViswanathanCVAug2023.docx"/>
							<Right Value="D:\data\cv\SaravananVMar2024Developer.docx"/>
						</Specs>
						<State>
							<InsigIgnored Value="True"/>
						</State>
					</TTextCompareSession>
					<TTextCompareSession Value="PythonSaravananVOct2023Developer.docx &lt;--> SaravananVApr2024DeveloperPython.docx">
						<LastModified Value="2024-04-23 14:59:08"/>
						<Specs>
							<Left Value="D:\data\cv\PythonSaravananVOct2023Developer.docx"/>
							<Right Value="D:\data\cv\SaravananVApr2024DeveloperPython.docx"/>
						</Specs>
						<State>
							<InsigIgnored Value="True"/>
						</State>
					</TTextCompareSession>
					<TTextCompareSession Value="SaravananVMar2024Developer.docx &lt;--> SaravananVFeb2024FullstackCTS.docx">
						<LastModified Value="2024-04-15 11:24:23"/>
						<Specs>
							<Left Value="D:\data\cv\SaravananVMar2024Developer.docx"/>
							<Right Value="D:\data\cv\SaravananVFeb2024FullstackCTS.docx"/>
						</Specs>
						<State>
							<InsigIgnored Value="True"/>
						</State>
					</TTextCompareSession>
					<TTextCompareSession Value="SaravananVMar2024Developer.docx &lt;--> SaravananVApr2024SolutionArchitectBNP.docx">
						<LastModified Value="2024-04-01 18:14:19"/>
						<Specs>
							<Left Value="D:\data\cv\SaravananVMar2024Developer.docx"/>
							<Right Value="D:\data\cv\SaravananVApr2024SolutionArchitectBNP.docx"/>
						</Specs>
						<State>
							<InsigIgnored Value="True"/>
						</State>
					</TTextCompareSession>
					<TTextCompareSession Value="SaravananVMar2024Developer.docx &lt;--> SaravananVFeb2024SolutionArchitect.docx">
						<LastModified Value="2024-03-26 19:07:18"/>
						<Specs>
							<Left Value="D:\data\cv\SaravananVMar2024Developer.docx"/>
							<Right Value="D:\data\cv\SaravananVFeb2024SolutionArchitect.docx"/>
						</Specs>
						<State>
							<DisplayFilter Value="[showLeftMod, showRightMod, showDiffMod]"/>
							<InsigIgnored Value="True"/>
						</State>
					</TTextCompareSession>
					<TTextCompareSession Value="javafeatures.htm &lt;--> JavaNewFeatures.htm">
						<LastModified Value="2024-03-18 17:36:51"/>
						<Specs>
							<Left Value="D:\study\listskills\java\javafeatures.htm"/>
							<Right Value="D:\study\listskills\java\JavaNewFeatures.htm"/>
						</Specs>
						<State>
							<DisplayFilter Value="[showLeftMod, showRightMod, showDiffMod]"/>
							<InsigIgnored Value="True"/>
						</State>
					</TTextCompareSession>
					<TTextCompareSession Value="microservice.htm &lt;--> microservice2.htm">
						<LastModified Value="2024-03-18 16:30:49"/>
						<NoEdit>
							<Left Value="True"/>
						</NoEdit>
						<Specs>
							<Left Value="D:\study\listskills\microservices\microservice.htm"/>
							<Right Value="D:\study\listskills\microservices\microservice2.htm"/>
						</Specs>
						<State>
							<DisplayFilter Value="[showLeftMod, showRightMod, showDiffMod]"/>
							<InsigIgnored Value="True"/>
						</State>
					</TTextCompareSession>
					<TTextCompareSession Value="Jenkinsfile">
						<LastModified Value="2024-03-10 04:16:59"/>
						<Specs>
							<Left Value="D:\projects\cts\govtech\spring-webflux-reactive-rest-api-demo\Jenkinsfile"/>
							<Right Value="D:\projects\cts\govtech\spring-reactive-flyway\Jenkinsfile"/>
						</Specs>
						<State>
							<InsigIgnored Value="True"/>
						</State>
					</TTextCompareSession>
					<TTextCompareSession Value="SaravananVFeb2024SolutionArchitect.docx &lt;--> SaravananVFeb2024Developer.docx">
						<LastModified Value="2024-03-08 12:49:31"/>
						<Specs>
							<Left Value="D:\data\cv\SaravananVFeb2024SolutionArchitect.docx"/>
							<Right Value="D:\data\cv\SaravananVFeb2024Developer.docx"/>
						</Specs>
						<State>
							<DisplayFilter Value="[showLeftMod, showRightMod, showDiffMod]"/>
							<InsigIgnored Value="True"/>
						</State>
					</TTextCompareSession>
					<TTextCompareSession Value="DeveloperSaravananViswanathanCVAug2023.docx &lt;--> ManagerSaravananViswanathanCVAug2023.docx">
						<LastModified Value="2024-03-08 12:27:46"/>
						<Specs>
							<Left Value="D:\data\cv\efinancials\DeveloperSaravananViswanathanCVAug2023.docx"/>
							<Right Value="D:\data\cv\efinancials\ManagerSaravananViswanathanCVAug2023.docx"/>
						</Specs>
						<State>
							<InsigIgnored Value="True"/>
						</State>
					</TTextCompareSession>
					<TTextCompareSession Value="runnodemon.bat: Working Tree">
						<LastModified Value="2024-03-01 13:28:44"/>
						<NoEdit>
							<Left Value="True"/>
						</NoEdit>
						<Specs>
							<Left Value="D:\study\serverjs\runnodemon.bat"/>
							<Right Value="D:\study\serverjs\runnodemon.bat"/>
						</Specs>
						<State>
							<InsigIgnored Value="True"/>
						</State>
					</TTextCompareSession>
					<TTextCompareSession Value="migrate.sh">
						<LastModified Value="2024-02-29 22:18:57"/>
						<Specs>
							<Left Value="D:\tips\linux\20240219\linuxsetup\migrate.sh"/>
						</Specs>
						<State>
							<InsigIgnored Value="True"/>
						</State>
					</TTextCompareSession>
					<TTextCompareSession Value="SaravananVDec2023SolutionArchitect.docx &lt;--> SaravananVFeb2024Developer.docx">
						<LastModified Value="2024-02-29 17:33:30"/>
						<Specs>
							<Left Value="D:\data\cv\SaravananVDec2023SolutionArchitect.docx"/>
							<Right Value="D:\data\cv\SaravananVFeb2024Developer.docx"/>
						</Specs>
						<State>
							<InsigIgnored Value="True"/>
						</State>
					</TTextCompareSession>
					<TTextCompareSession Value="D:\tips\linux\20240219\linuxsetup\migrate.sh &lt;--> D:\tips\linux\20240219\linuxsetup\migrate2.bash">
						<LastModified Value="2024-02-29 15:16:33"/>
						<NoEdit>
							<Left Value="True"/>
						</NoEdit>
						<Specs>
							<Left Value="D:\tips\linux\20240219\linuxsetup\migrate.sh"/>
							<Right Value="D:\tips\linux\20240219\linuxsetup\migrate2.bash"/>
						</Specs>
						<State>
							<DisplayFilter Value="[showLeftMod, showRightMod, showDiffMod]"/>
						</State>
					</TTextCompareSession>
					<TTextCompareSession Value="collections.docx">
						<LastModified Value="2024-02-27 12:48:06"/>
						<Specs>
							<Left Value="D:\study\listskills\collections\collections.docx"/>
							<Right Value="D:\study\listskills\datastructure\collections.docx"/>
						</Specs>
						<State>
							<DisplayFilter Value="[showLeftMod, showRightMod, showDiffMod]"/>
						</State>
					</TTextCompareSession>
					<TTextCompareSession Value="SaravananVFeb2024Developer.docx &lt;--> SaravananVDec2023Developer.docx">
						<LastModified Value="2024-02-26 16:20:18"/>
						<Specs>
							<Left Value="D:\data\cv\SaravananVFeb2024Developer.docx"/>
							<Right Value="D:\data\cv\SaravananVDec2023Developer.docx"/>
						</Specs>
						<State>
							<DisplayFilter Value="[showLeftMod, showRightMod, showDiffMod]"/>
						</State>
					</TTextCompareSession>
					<TTextCompareSession Value="TraderSaravananViswanathanCVAug2023.docx &lt;--> SaravananVFeb2024Developer.docx">
						<LastModified Value="2024-02-23 12:12:46"/>
						<Specs>
							<Left Value="D:\data\cv\efinancials\TraderSaravananViswanathanCVAug2023.docx"/>
							<Right Value="D:\data\cv\SaravananVFeb2024Developer.docx"/>
						</Specs>
					</TTextCompareSession>
					<TTextCompareSession Value="SaravananVDec2023Developer.docx &lt;--> SaravananVDec2023SolutionArchitect.docx">
						<LastModified Value="2024-02-21 14:49:22"/>
						<Specs>
							<Left Value="D:\data\cv\SaravananVDec2023Developer.docx"/>
							<Right Value="D:\data\cv\SaravananVDec2023SolutionArchitect.docx"/>
						</Specs>
						<State>
							<DisplayFilter Value="[showLeftMod, showRightMod, showDiffMod]"/>
						</State>
					</TTextCompareSession>
					<TTextCompareSession Value="SaravananVFeb2024SolutionArchitectGcp2.docx &lt;--> SaravananVDec2023SolutionArchitect.docx">
						<LastModified Value="2024-02-21 14:47:22"/>
						<Specs>
							<Left Value="D:\data\cv\SaravananVFeb2024SolutionArchitectGcp2.docx"/>
							<Right Value="D:\data\cv\SaravananVDec2023SolutionArchitect.docx"/>
						</Specs>
						<State>
							<DisplayFilter Value="[showLeftMod, showRightMod, showDiffMod]"/>
						</State>
					</TTextCompareSession>
					<TTextCompareSession Value="SaravananVDec2023Developer.docx &lt;--> SaravananVDec2023DeveloperLombok.docx">
						<LastModified Value="2024-02-20 17:01:35"/>
						<Specs>
							<Left Value="D:\data\cv\SaravananVDec2023Developer.docx"/>
							<Right Value="D:\data\cv\SaravananVDec2023DeveloperLombok.docx"/>
						</Specs>
					</TTextCompareSession>
					<TTextCompareSession Value="import_image_google_cloud &lt;--> import_image_google_cloud2">
						<LastModified Value="2024-02-19 21:19:58"/>
						<Specs>
							<Left Value="D:\tips\linux\import_image_google_cloud"/>
							<Right Value="D:\tips\linux\import_image_google_cloud2"/>
						</Specs>
						<State>
							<DisplayFilter Value="[showLeftMod, showRightMod, showDiffMod]"/>
						</State>
					</TTextCompareSession>
					<TTextCompareSession Value="meeting_backup20240218.sql &lt;--> meeting_backupSchema_20240218.sql">
						<LastModified Value="2024-02-18 22:02:13"/>
						<Specs>
							<Left Value="D:\projects\cts\govtech\tuton\scripts\meeting_backup20240218.sql"/>
							<Right Value="D:\projects\cts\govtech\tuton\scripts\meeting_backupSchema_20240218.sql"/>
						</Specs>
						<State>
							<InsigIgnored Value="True"/>
						</State>
					</TTextCompareSession>
					<TTextCompareSession Value="meeting_backupSchemaData_20240218.sql &lt;--> meeting_backupSchemaData_20240218_2.sql">
						<LastModified Value="2024-02-18 19:26:33"/>
						<Specs>
							<Left Value="D:\projects\cts\govtech\tuton\scripts\meeting_backupSchemaData_20240218.sql"/>
							<Right Value="D:\projects\cts\govtech\tuton\scripts\meeting_backupSchemaData_20240218_2.sql"/>
						</Specs>
					</TTextCompareSession>
					<TTextCompareSession Value="SaravananVFeb2024DeveloperGroovy.docx &lt;--> SaravananVDec2023Developer.docx">
						<LastModified Value="2024-02-16 12:42:01"/>
						<Specs>
							<Left Value="D:\data\cv\SaravananVFeb2024DeveloperGroovy.docx"/>
							<Right Value="D:\data\cv\SaravananVDec2023Developer.docx"/>
						</Specs>
						<State>
							<DisplayFilter Value="[showLeftMod, showRightMod, showDiffMod]"/>
							<InsigIgnored Value="True"/>
						</State>
					</TTextCompareSession>
					<TTextCompareSession Value="SaravananVDec2023Developer.docx &lt;--> SaravananVNov2023Developer.docx">
						<LastModified Value="2024-02-06 11:38:23"/>
						<Specs>
							<Left Value="D:\data\cv\ocbc\SaravananVDec2023Developer.docx"/>
							<Right Value="D:\data\cv\ocbc\SaravananVNov2023Developer.docx"/>
						</Specs>
						<State>
							<InsigIgnored Value="True"/>
						</State>
					</TTextCompareSession>
					<TTextCompareSession Value="SaravananVOct2023DotNetSolutionArchitect.docx &lt;--> SaravananVDec2023Developer.docx">
						<LastModified Value="2024-01-31 20:41:42"/>
						<Specs>
							<Left Value="D:\data\cv\SaravananVOct2023DotNetSolutionArchitect.docx"/>
							<Right Value="D:\data\cv\SaravananVDec2023Developer.docx"/>
						</Specs>
						<State>
							<InsigIgnored Value="True"/>
						</State>
					</TTextCompareSession>
					<TTextCompareSession Value="SaravananVDec2023Lead.docx &lt;--> SaravananVDec2023Developer.docx">
						<LastModified Value="2024-01-23 21:06:14"/>
						<Specs>
							<Left Value="D:\data\cv\SaravananVDec2023Lead.docx"/>
							<Right Value="D:\data\cv\SaravananVDec2023Developer.docx"/>
						</Specs>
						<State>
							<InsigIgnored Value="True"/>
						</State>
					</TTextCompareSession>
					<TTextCompareSession Value="TekSystems Software Engineer For Goldman Sachs 2.docx &lt;--> TekSystems Software Engineer For Goldman Sachs.docx">
						<LastModified Value="2024-01-10 19:47:04"/>
						<Specs>
							<Left Value="D:\data\cv\TekSystems Software Engineer For Goldman Sachs 2.docx"/>
							<Right Value="D:\data\cv\TekSystems Software Engineer For Goldman Sachs.docx"/>
						</Specs>
						<State>
							<InsigIgnored Value="True"/>
						</State>
					</TTextCompareSession>
					<TTextCompareSession Value="HKCU_Software_Classes_CLSID.reg &lt;--> HKCU_Software_Classes_CLSID2.reg">
						<LastModified Value="2024-01-04 19:10:52"/>
						<Specs>
							<Left Value="D:\tips\contextmenu\HKCU_Software_Classes_CLSID.reg"/>
							<Right Value="D:\tips\contextmenu\HKCU_Software_Classes_CLSID2.reg"/>
						</Specs>
						<State>
							<DisplayFilter Value="[showLeftMod, showRightMod, showDiffMod]"/>
							<InsigIgnored Value="True"/>
						</State>
					</TTextCompareSession>
					<TTextCompareSession Value="SaravananVDec2023SolutionArchitect.docx &lt;--> SaravananVDec2023Developer.docx">
						<LastModified Value="2024-01-04 15:59:03"/>
						<Specs>
							<Left Value="D:\data\cv\SaravananVDec2023SolutionArchitect.docx"/>
							<Right Value="D:\data\cv\SaravananVDec2023Developer.docx"/>
						</Specs>
						<State>
							<DisplayFilter Value="[showLeftMod, showRightMod, showDiffMod]"/>
							<InsigIgnored Value="True"/>
						</State>
					</TTextCompareSession>
					<TTextCompareSession Value="SaravananVDec2023SolutionArchitect.docx &lt;--> SaravananVDec2023CTSSolutionArchitect.docx">
						<LastModified Value="2024-01-04 11:07:53"/>
						<Specs>
							<Left Value="D:\data\cv\SaravananVDec2023SolutionArchitect.docx"/>
							<Right Value="D:\data\cv\SaravananVDec2023CTSSolutionArchitect.docx"/>
						</Specs>
						<State>
							<InsigIgnored Value="True"/>
						</State>
					</TTextCompareSession>
					<TTextCompareSession Value="SaravananVOct2023TechnicalArchitect.docx &lt;--> SaravananVDec2023CTSSolutionArchitect.docx">
						<LastModified Value="2023-12-12 10:09:07"/>
						<Specs>
							<Left Value="D:\data\cv\SaravananVOct2023TechnicalArchitect.docx"/>
							<Right Value="D:\data\cv\SaravananVDec2023CTSSolutionArchitect.docx"/>
						</Specs>
						<State>
							<InsigIgnored Value="True"/>
						</State>
					</TTextCompareSession>
					<TDirCompareSession Value="angular8-shopping-cart &lt;--> angular8-shopping-cart-v3-te2gyd">
						<Filters>
							<NameFilter Value="-.\.angular\;-.\.vs\;-.\node_modules\"/>
						</Filters>
						<LastModified Value="2023-12-03 21:01:28"/>
						<Specs>
							<Left Value="D:\projects\angular\angular8-shopping-cart"/>
							<Right Value="D:\projects\angular\angular8-shopping-cart-v3-te2gyd"/>
						</Specs>
						<State>
							<DisplayFilter Value="[showLeftAdded, showRightAdded, showLeftChanged, showRightChanged, showConflict]"/>
						</State>
					</TDirCompareSession>
					<TTextCompareSession Value="babel.config.js: Working Tree">
						<LastModified Value="2023-11-28 01:21:02"/>
						<NoEdit>
							<Left Value="True"/>
						</NoEdit>
						<Specs>
							<Left Value="D:\study\tuto\babel.config.js"/>
							<Right Value="D:\study\tuto\babel.config.js"/>
						</Specs>
						<State>
							<InsigIgnored Value="True"/>
						</State>
					</TTextCompareSession>
					<TTextCompareSession Value="components/prism.js: Working Tree">
						<LastModified Value="2023-11-28 01:21:02"/>
						<NoEdit>
							<Left Value="True"/>
						</NoEdit>
						<Specs>
							<Left Value="D:\study\tuto\components\prism.js"/>
							<Right Value="D:\study\tuto\components\prism.js"/>
						</Specs>
						<State>
							<InsigIgnored Value="True"/>
						</State>
					</TTextCompareSession>
					<TTextCompareSession Value="components/codeblock.js: Working Tree">
						<LastModified Value="2023-11-28 01:20:57"/>
						<NoEdit>
							<Left Value="True"/>
						</NoEdit>
						<Specs>
							<Left Value="D:\study\tuto\components\codeblock.js"/>
							<Right Value="D:\study\tuto\components\codeblock.js"/>
						</Specs>
						<State>
							<InsigIgnored Value="True"/>
						</State>
					</TTextCompareSession>
					<TTextCompareSession Value="DataErrorService.java &lt;--> DataHostService.java">
						<LastModified Value="2023-11-26 12:06:56"/>
						<Specs>
							<Left Value="D:\projects\cts\govtech\viswa\src\main\java\com\govtech\viswa\service\DataErrorService.java"/>
							<Right Value="D:\projects\cts\govtech\viswa\src\main\java\com\govtech\viswa\service\DataHostService.java"/>
						</Specs>
						<State>
							<InsigIgnored Value="True"/>
						</State>
					</TTextCompareSession>
					<TTextCompareSession Value="User.java &lt;--> JwtUser.java">
						<LastModified Value="2023-11-07 20:17:02"/>
						<Specs>
							<Left Value="D:\projects\cts\govtech\viswa\src\main\java\com\govtech\viswa\entity\User.java"/>
							<Right Value="D:\projects\cts\govtech\viswa\src\main\java\com\govtech\viswa\auth\JwtUser.java"/>
						</Specs>
						<State>
							<InsigIgnored Value="True"/>
						</State>
					</TTextCompareSession>
					<TTextCompareSession Value="JwtAuthorizationFilter.java &lt;--> Role.java">
						<LastModified Value="2023-11-07 20:16:58"/>
						<Specs>
							<Left Value="D:\projects\cts\govtech\viswa\src\main\java\com\govtech\viswa\filter\JwtAuthorizationFilter.java"/>
							<Right Value="D:\projects\cts\govtech\studentteacher\src\main\java\com\govtech\viswa\entity\Role.java"/>
						</Specs>
						<State>
							<InsigIgnored Value="True"/>
						</State>
					</TTextCompareSession>
					<TTextCompareSession Value="JwtTokenUtil.java">
						<LastModified Value="2023-11-03 21:33:35"/>
						<Specs>
							<Left Value="D:\projects\cts\govtech\viswa\src\main\java\com\govtech\viswa\auth\JwtTokenUtil.java"/>
							<Right Value="D:\projects\titanweb\src\main\java\com\sc\fx\service\JwtTokenUtil.java"/>
						</Specs>
						<State>
							<DisplayFilter Value="[showLeftMod, showRightMod, showDiffMod]"/>
							<InsigIgnored Value="True"/>
							<ShowContext Value="True"/>
						</State>
					</TTextCompareSession>
					<TTextCompareSession Value="SecurityConfig.java">
						<LastModified Value="2023-11-02 20:44:20"/>
						<Specs>
							<Left Value="D:\projects\cts\govtech\viswa\src\main\java\com\govtech\viswa\auth\SecurityConfig.java"/>
							<Right Value="D:\projects\cts\govtech\viswa\src\main\java\com\govtech\viswa\config\SecurityConfig.java"/>
						</Specs>
						<State>
							<DisplayFilter Value="[showLeftMod, showRightMod, showDiffMod]"/>
							<InsigIgnored Value="True"/>
							<ShowContext Value="True"/>
						</State>
					</TTextCompareSession>
					<TDirCompareSession Value="auth &lt;--> viswa">
						<Filters>
							<NameFilter Value="-.\.git\"/>
						</Filters>
						<LastModified Value="2023-11-02 20:44:15"/>
						<Specs>
							<Left Value="D:\projects\cts\govtech\auth"/>
							<Right Value="D:\projects\cts\govtech\viswa"/>
						</Specs>
						<State>
							<DisplayFilter Value="[showLeftAdded, showRightAdded, showLeftChanged, showRightChanged, showConflict]"/>
						</State>
					</TDirCompareSession>
					<TTextCompareSession Value="SecurityConfig.java">
						<LastModified Value="2023-11-02 12:58:06"/>
						<Specs>
							<Left Value="D:\projects\titanweb\src\main\java\com\sc\fx\config\SecurityConfig.java"/>
							<Right Value="D:\projects\cts\govtech\viswa\src\main\java\com\govtech\viswa\config\SecurityConfig.java"/>
						</Specs>
						<State>
							<InsigIgnored Value="True"/>
							<ShowContext Value="True"/>
						</State>
					</TTextCompareSession>
					<TDirCompareSession Value="viswa &lt;--> viswaWithoutTask">
						<Filters>
							<NameFilter Value="-.\.git\"/>
						</Filters>
						<LastModified Value="2023-11-01 00:13:56"/>
						<Specs>
							<Left Value="D:\projects\cts\govtech\viswa"/>
							<Right Value="D:\projects\cts\govtech\viswaWithoutTask"/>
						</Specs>
						<State>
							<DisplayFilter Value="[showLeftAdded, showRightAdded, showLeftChanged, showRightChanged, showConflict]"/>
						</State>
					</TDirCompareSession>
					<TTextCompareSession Value="SaravananVOct2023Developer.docx &lt;--> SaravananVOct2023SolutionArchitect.docx">
						<LastModified Value="2023-10-30 16:56:33"/>
						<Specs>
							<Left Value="D:\data\cv\SaravananVOct2023Developer.docx"/>
							<Right Value="D:\data\cv\SaravananVOct2023SolutionArchitect.docx"/>
						</Specs>
						<State>
							<DisplayFilter Value="[showLeftMod, showRightMod, showDiffMod]"/>
							<InsigIgnored Value="True"/>
							<ShowContext Value="True"/>
						</State>
					</TTextCompareSession>
					<TDirCompareSession Value="tuto &lt;--> tuto3">
						<Filters>
							<NameFilter Value="-.\.git\;-.\.vscode\;-.\node_modules\"/>
						</Filters>
						<LastModified Value="2023-10-26 12:39:58"/>
						<Specs>
							<Left Value="D:\study\tuto"/>
							<Right Value="D:\study\tuto3"/>
						</Specs>
						<State>
							<DisplayFilter Value="[showLeftAdded, showRightAdded, showLeftChanged, showRightChanged, showConflict]"/>
						</State>
					</TDirCompareSession>
					<TTextCompareSession Value="SaravananVOct2023Developer.docx &lt;--> SaravananVOct2023DeveloperLinks.docx">
						<LastModified Value="2023-10-19 18:07:10"/>
						<Specs>
							<Left Value="D:\data\cv\SaravananVOct2023Developer.docx"/>
							<Right Value="D:\data\cv\SaravananVOct2023DeveloperLinks.docx"/>
						</Specs>
						<State>
							<DisplayFilter Value="[showLeftMod, showRightMod, showDiffMod]"/>
							<InsigIgnored Value="True"/>
							<ShowContext Value="True"/>
						</State>
					</TTextCompareSession>
					<TTextCompareSession Value="SaravananVOct2023Developer.docx &lt;--> SaravananViswanathanCVOct2023SolutionArchitect.docx">
						<LastModified Value="2023-10-19 13:34:15"/>
						<Specs>
							<Left Value="D:\data\cv\SaravananVOct2023Developer.docx"/>
							<Right Value="D:\data\cv\SaravananViswanathanCVOct2023SolutionArchitect.docx"/>
						</Specs>
						<State>
							<DisplayFilter Value="[showLeftMod, showRightMod, showDiffMod]"/>
							<InsigIgnored Value="True"/>
							<ShowContext Value="True"/>
						</State>
					</TTextCompareSession>
					<TTextCompareSession Value="TodoList.js &lt;--> UpdateAlbumForm.js">
						<LastModified Value="2023-10-14 00:03:18"/>
						<Specs>
							<Left Value="D:\projects\study\nextjs\learn\LearnRTKeasy\src\features\todos\TodoList.js"/>
							<Right Value="D:\projects\study\nextjs\learn\rtkQueryWithCRUDpagination\src\components\UpdateAlbumForm.js"/>
						</Specs>
						<State>
							<DisplayFilter Value="[showLeftMod, showRightMod, showDiffMod]"/>
							<InsigIgnored Value="True"/>
							<ShowContext Value="True"/>
						</State>
					</TTextCompareSession>
					<TDirCompareSession Value="07_lesson &lt;--> 08_lesson">
						<LastModified Value="2023-10-13 12:58:03"/>
						<Specs>
							<Left Value="D:\projects\study\nextjs\react_redux_toolkit_all\07_lesson"/>
							<Right Value="D:\projects\study\nextjs\react_redux_toolkit_all\08_lesson"/>
						</Specs>
						<State>
							<DisplayFilter Value="[showLeftAdded, showRightAdded, showLeftChanged, showRightChanged, showConflict]"/>
						</State>
					</TDirCompareSession>
					<TDirCompareSession Value="src &lt;--> next12">
						<Filters>
							<NameFilter Value="-.\.next\;-.\.vscode\;-.\node_modules\;-.\.git\"/>
						</Filters>
						<LastModified Value="2023-10-13 01:23:41"/>
						<Specs>
							<Left Value="D:\projects\study\nextjs\gitdagray\next-js-course\next11/src"/>
							<Right Value="D:\projects\study\nextjs\gitdagray\next-js-course\next12"/>
						</Specs>
						<State>
							<DisplayFilter Value="[showLeftAdded, showRightAdded, showLeftChanged, showRightChanged, showConflict]"/>
						</State>
					</TDirCompareSession>
					<TTextCompareSession Value="layout.tsx">
						<LastModified Value="2023-10-13 01:23:41"/>
						<Specs>
							<Left Value="D:\projects\study\nextjs\gitdagray\next-js-course\next01\app\layout.tsx"/>
							<Right Value="D:\projects\study\nextjs\gitdagray\next-js-course\next02\app\layout.tsx"/>
						</Specs>
						<State>
							<DisplayFilter Value="[showLeftMod, showRightMod, showDiffMod]"/>
							<InsigIgnored Value="True"/>
							<ShowContext Value="True"/>
						</State>
					</TTextCompareSession>
					<TDirCompareSession Value="next04 &lt;--> next05">
						<Filters>
							<NameFilter Value="-.\.next\;-.\node_modules\;-.\.vscode\"/>
						</Filters>
						<LastModified Value="2023-10-12 23:11:56"/>
						<Specs>
							<Left Value="D:\projects\study\nextjs\gitdagray\next-js-course\next04"/>
							<Right Value="D:\projects\study\nextjs\gitdagray\next-js-course\next05"/>
						</Specs>
						<State>
							<DisplayFilter Value="[showLeftAdded, showRightAdded, showLeftChanged, showRightChanged, showConflict]"/>
						</State>
					</TDirCompareSession>
					<TDirSyncSession Value="Update: app &lt;--> app">
						<LastModified Value="2023-10-12 15:50:21"/>
						<Specs>
							<Left Value="D:\projects\study\nextjs\gitdagray\next-js-course\next11\src\app"/>
							<Right Value="D:\projects\study\nextjs\gitdagray\next-js-course\next12\app"/>
						</Specs>
					</TDirSyncSession>
					<TTextCompareSession Value="SaravananVOct2023Developer.docx &lt;--> SaravananVOct2023HCLDeveloper.docx">
						<LastModified Value="2023-10-09 21:11:34"/>
						<Specs>
							<Left Value="D:\data\cv\SaravananVOct2023Developer.docx"/>
							<Right Value="D:\data\cv\SaravananVOct2023HCLDeveloper.docx"/>
						</Specs>
						<State>
							<DisplayFilter Value="[showLeftMod, showRightMod, showDiffMod]"/>
							<InsigIgnored Value="True"/>
							<ShowContext Value="True"/>
						</State>
					</TTextCompareSession>
					<TTextCompareSession Value="known_hosts &lt;--> known_hosts.old">
						<LastModified Value="2023-10-09 17:09:37"/>
						<Specs>
							<Left Value="C:\Users\Sarav\.ssh\known_hosts"/>
							<Right Value="C:\Users\Sarav\.ssh\known_hosts.old"/>
						</Specs>
						<State>
							<DisplayFilter Value="[showLeftMod, showRightMod, showDiffMod]"/>
							<InsigIgnored Value="True"/>
							<ShowContext Value="True"/>
						</State>
					</TTextCompareSession>
					<TTextCompareSession Value="SaravananVOct2023ReactJsDeveloper.docx &lt;--> SaravananVOct2023Developer.docx">
						<LastModified Value="2023-10-06 16:07:38"/>
						<Specs>
							<Left Value="D:\data\cv\SaravananVOct2023ReactJsDeveloper.docx"/>
							<Right Value="D:\data\cv\SaravananVOct2023Developer.docx"/>
						</Specs>
						<State>
							<DisplayFilter Value="[showLeftMod, showRightMod, showDiffMod]"/>
							<InsigIgnored Value="True"/>
							<ShowContext Value="True"/>
						</State>
					</TTextCompareSession>
					<TTextCompareSession Value="SaravananViswanathanCVOct2023SolutionArchitect.docx &lt;--> SaravananVOct2023Developer.docx">
						<LastModified Value="2023-10-05 11:57:21"/>
						<Specs>
							<Left Value="D:\data\cv\SaravananViswanathanCVOct2023SolutionArchitect.docx"/>
							<Right Value="D:\data\cv\SaravananVOct2023Developer.docx"/>
						</Specs>
						<State>
							<DisplayFilter Value="[showLeftMod, showRightMod, showDiffMod]"/>
							<InsigIgnored Value="True"/>
							<ShowContext Value="True"/>
						</State>
					</TTextCompareSession>
					<TTextCompareSession Value="SaravananVOct2023Developer.docx &lt;--> SaravananViswanathanCVSep2023SolutionArchitect.docx">
						<LastModified Value="2023-10-03 17:26:52"/>
						<Specs>
							<Left Value="D:\data\cv\SaravananVOct2023Developer.docx"/>
							<Right Value="D:\data\cv\SaravananViswanathanCVSep2023SolutionArchitect.docx"/>
						</Specs>
						<State>
							<DisplayFilter Value="[showLeftMod, showRightMod, showDiffMod]"/>
							<InsigIgnored Value="True"/>
							<ShowContext Value="True"/>
						</State>
					</TTextCompareSession>
					<TTextCompareSession Value="SaravananViswanathanCVAug2023Developer.docx &lt;--> SaravananViswanathanCVAug2023SolutionArchitect.docx">
						<LastModified Value="2023-09-29 14:22:53"/>
						<Specs>
							<Left Value="D:\data\cv\SaravananViswanathanCVAug2023Developer.docx"/>
							<Right Value="D:\data\cv\SaravananViswanathanCVAug2023SolutionArchitect.docx"/>
						</Specs>
						<State>
							<DisplayFilter Value="[showLeftMod, showRightMod, showDiffMod]"/>
							<InsigIgnored Value="True"/>
							<ShowContext Value="True"/>
						</State>
					</TTextCompareSession>
					<TDirMergeSession Value="DeviMusic">
						<LastModified Value="2023-09-26 10:54:00"/>
						<Specs>
							<Left Value="F:\DeviMusic"/>
							<Right Value="F:\devotional"/>
						</Specs>
						<State>
							<DisplayFilter Value="[showSameDifference, showLeftAdded, showRightAdded, showLeftDeleted, showRightDeleted, showLeftChanged, showRightChanged, showMergeable, showConflict]"/>
						</State>
					</TDirMergeSession>
					<TTextCompareSession Value="SaravananViswanathanCVAug2023Developer.docx &lt;--> SaravananViswanathanCVAug2023Trader.docx">
						<LastModified Value="2023-09-25 13:21:41"/>
						<Specs>
							<Left Value="D:\data\cv\SaravananViswanathanCVAug2023Developer.docx"/>
							<Right Value="D:\data\cv\SaravananViswanathanCVAug2023Trader.docx"/>
						</Specs>
						<State>
							<DisplayFilter Value="[showLeftMod, showRightMod, showDiffMod]"/>
							<InsigIgnored Value="True"/>
							<ShowContext Value="True"/>
						</State>
					</TTextCompareSession>
					<TTextCompareSession Value="SaravananViswanathanCVAug2023Developer.docx &lt;--> SaravananViswanathanCVAug2023GoDeveloper.docx">
						<LastModified Value="2023-09-22 01:39:17"/>
						<Specs>
							<Left Value="D:\data\cv\SaravananViswanathanCVAug2023Developer.docx"/>
							<Right Value="D:\data\cv\SaravananViswanathanCVAug2023GoDeveloper.docx"/>
						</Specs>
						<State>
							<DisplayFilter Value="[showLeftMod, showRightMod, showDiffMod]"/>
							<InsigIgnored Value="True"/>
							<ShowContext Value="True"/>
						</State>
					</TTextCompareSession>
					<TTextCompareSession Value="SaravananViswanathanCVAug2023Developer.docx &lt;--> SaravananViswanathanCVMay2022JavaSolutionArchitect.docx">
						<LastModified Value="2023-09-19 10:54:18"/>
						<Specs>
							<Left Value="D:\data\cv\SaravananViswanathanCVAug2023Developer.docx"/>
							<Right Value="D:\data\cv\SaravananViswanathanCVMay2022JavaSolutionArchitect.docx"/>
						</Specs>
						<State>
							<DisplayFilter Value="[showLeftMod, showRightMod, showDiffMod]"/>
							<InsigIgnored Value="True"/>
							<ShowContext Value="True"/>
						</State>
					</TTextCompareSession>
					<TTextCompareSession Value="nginx.conf">
						<LastModified Value="2023-09-18 22:28:19"/>
						<Specs>
							<Left Value="\\192.168.50.248\c\java\nginx\conf\nginx.conf"/>
							<Right Value="C:\java\nginx\conf\nginx.conf"/>
						</Specs>
						<State>
							<DisplayFilter Value="[showLeftMod, showRightMod, showDiffMod]"/>
							<InsigIgnored Value="True"/>
							<ShowContext Value="True"/>
						</State>
					</TTextCompareSession>
					<TTextCompareSession Value="settings.xml">
						<LastModified Value="2023-08-20 19:04:50"/>
						<Specs>
							<Left Value="C:\java\mavenOld\conf\settings.xml"/>
							<Right Value="C:\java\maven\conf\settings.xml"/>
						</Specs>
						<State>
							<DisplayFilter Value="[showLeftMod, showRightMod, showDiffMod]"/>
							<InsigIgnored Value="True"/>
						</State>
					</TTextCompareSession>
					<TTextCompareSession Value="SaravananViswanathanCVAug2023Trader.docx &lt;--> SaravananViswanathanCVAug2023.docx">
						<LastModified Value="2023-08-10 16:12:17"/>
						<Specs>
							<Left Value="D:\data\cv\SaravananViswanathanCVAug2023Trader.docx"/>
							<Right Value="D:\data\cv\SaravananViswanathanCVAug2023.docx"/>
						</Specs>
						<State>
							<InsigIgnored Value="True"/>
						</State>
					</TTextCompareSession>
					<TTextCompareSession Value="SaravananViswanathanCVApr2022.docx &lt;--> SaravananViswanathanCVAug2023Trader.docx">
						<LastModified Value="2023-08-10 16:06:32"/>
						<Specs>
							<Left Value="D:\data\cv\SaravananViswanathanCVApr2022.docx"/>
							<Right Value="D:\data\cv\SaravananViswanathanCVAug2023Trader.docx"/>
						</Specs>
						<State>
							<InsigIgnored Value="True"/>
						</State>
					</TTextCompareSession>
					<TTextCompareSession Value="SaravananViswanathanCVAug2023.docx &lt;--> SaravananViswanathanCVAug2023Full.docx">
						<LastModified Value="2023-08-08 00:36:39"/>
						<Specs>
							<Left Value="D:\data\cv\SaravananViswanathanCVAug2023.docx"/>
							<Right Value="D:\data\cv\SaravananViswanathanCVAug2023Full.docx"/>
						</Specs>
						<State>
							<InsigIgnored Value="True"/>
						</State>
					</TTextCompareSession>
					<TDirCompareSession Value="namecheckiiiold &lt;--> namecheckiii">
						<Filters>
							<NameFilter Value="-target\;-.git\;-.idea\"/>
						</Filters>
						<LastModified Value="2023-04-12 00:52:15"/>
						<Specs>
							<Left Value="D:\projects\bjb\namecheckiiiold"/>
							<Right Value="D:\projects\bjb\namecheckiii"/>
						</Specs>
						<State>
							<DisplayFilter Value="[showLeftAdded, showRightAdded, showLeftChanged, showRightChanged, showConflict]"/>
						</State>
					</TDirCompareSession>
					<TDirCompareSession Value="D:\family\takeout-20221111T075801Z-001 (1) &lt;--> D:\family\takeout-20221111T075801Z-001">
						<LastModified Value="2022-11-14 19:00:12"/>
						<NoEdit>
							<Left Value="True"/>
						</NoEdit>
						<Specs>
							<Left Value="D:\family\takeout-20221111T075801Z-001 (1)"/>
							<Right Value="D:\family\takeout-20221111T075801Z-001"/>
						</Specs>
					</TDirCompareSession>
					<TDirCompareSession Value="D:\family\takeout-20221111T075801Z-001.zip &lt;--> D:\family\takeout-20221111T075801Z-001 (1).zip">
						<LastModified Value="2022-11-14 18:51:56"/>
						<NoEdit>
							<Left Value="True"/>
						</NoEdit>
						<Specs>
							<Left Value="D:\family\takeout-20221111T075801Z-001.zip"/>
							<Right Value="D:\family\takeout-20221111T075801Z-001 (1).zip"/>
						</Specs>
						<State>
							<DisplayFilter Value="[showLeftAdded, showRightAdded, showLeftChanged, showRightChanged, showConflict]"/>
						</State>
					</TDirCompareSession>
					<TDirCompareSession Value="D:\family\takeout-20221111T075801Z-001 (1).zip &lt;--> D:\family\takeout-20221111T075801Z-001.zip">
						<LastModified Value="2022-11-14 18:51:46"/>
						<NoEdit>
							<Left Value="True"/>
						</NoEdit>
						<Specs>
							<Left Value="D:\family\takeout-20221111T075801Z-001 (1).zip"/>
							<Right Value="D:\family\takeout-20221111T075801Z-001.zip"/>
						</Specs>
						<State>
							<DisplayFilter Value="[showLeftAdded, showRightAdded, showLeftChanged, showRightChanged, showConflict]"/>
						</State>
					</TDirCompareSession>
					<TTextCompareSession Value="D:\data\bills\singrel\may 2022 venkat.pdf &lt;--> D:\data\bills\singrel\may 2022 venkat 2.pdf">
						<LastModified Value="2022-07-11 23:43:29"/>
						<NoEdit>
							<Left Value="True"/>
						</NoEdit>
						<Specs>
							<Left Value="D:\data\bills\singrel\may 2022 venkat.pdf"/>
							<Right Value="D:\data\bills\singrel\may 2022 venkat 2.pdf"/>
						</Specs>
						<State>
							<DisplayFilter Value="[showLeftMod, showRightMod, showDiffMod]"/>
							<InsigIgnored Value="True"/>
							<ShowContext Value="True"/>
						</State>
					</TTextCompareSession>
				</Items>
			</TSessionFolder>
			<TDirCompareSession>
				<State>
					<ColModifiedWidth Value="584"/>
					<ColSizeWidth Value="539"/>
					<DisplayFilter Value="[showLeftAdded, showRightAdded, showLeftChanged, showRightChanged, showConflict]"/>
				</State>
			</TDirCompareSession>
			<TDirMergeSession>
				<State>
					<DisplayFilter Value="[showSameDifference, showLeftAdded, showRightAdded, showLeftDeleted, showRightDeleted, showLeftChanged, showRightChanged, showMergeable, showConflict]"/>
				</State>
			</TDirMergeSession>
			<TTextCompareSession>
				<State>
					<DisplayFilter Value="[showLeftMod, showRightMod, showDiffMod]"/>
					<InsigIgnored Value="True"/>
				</State>
			</TTextCompareSession>
		</Items>
	</TSessionFolder>
</BCSessions>
