<?xml version="1.0" encoding="UTF-8"?>
<!-- Produced by Beyond Compare 4 from Scooter Software -->
<BCState Version="1" MinVersion="1">
	<TBcState>
		<FirstStartup Value="False"/>
		<FormPositions>
			<TDirCompareSessionDialog Value="1319;561;2435;1682;;192"/>
			<TDirLoadErrorDialog Value="2049;522;2850;711;;144"/>
			<TFileFormatManagerDialog Value="910;66;2929;1998;;192"/>
			<TReportPreviewDialog Value="2616;195;3532;1038;;144"/>
			<TViewFrame Value="58;266;3947;1649;3;192"/>
		</FormPositions>
	</TBcState>
	<TCheckForUpdatesState>
		<Build Value="28397"/>
		<LastChecked Value="2024-10-06 13:20:54"/>
		<MsgBody Value="Beyond Compare version 5 is now available! Visit our &lt;a href='https://scootersoftware.com/download'>download page&lt;/a>."/>
		<MsgDate Value="2024-09-30 00:00:00"/>
		<MsgTitle Value="BC5 RELEASE"/>
	</TCheckForUpdatesState>
	<TDirCompareState>
		<LeftMRUSpecs>
			<_0 Value="N:\devotional\Music\bakthi2"/>
			<_1 Value="mtp://OPPO Reno12 Pro 5G/Internal shared storage/Music/bakthi"/>
			<_2 Value="D:\data"/>
			<_3 Value="O:\vm"/>
			<_4 Value="K:\data"/>
			<_5 Value="D:\projects\cts\office\npm2"/>
			<_6 Value="D:\projects\cts\biddingservice"/>
			<_7 Value="D:\projects\cts\azure\UOB\ocecustomerweb"/>
			<_8 Value="D:\projects\cts\UOB\ocecustomerweb"/>
		</LeftMRUSpecs>
		<MRUFilters>
			<_0 Value="-.\.git\"/>
			<_1 Value="-.\.next\;-.\.vscode\;-.\node_modules\;-.\.git\"/>
			<_2 Value="-.\.next\;-.\.vscode\;-.\node_modules\"/>
			<_3 Value="-.\.next\;-.\node_modules\;-.\.vscode\"/>
			<_4 Value="-target\;-.git\;-.idea\"/>
			<_5 Value="-target\;-.git\"/>
			<_6 Value="-target\"/>
		</MRUFilters>
		<RightMRUSpecs>
			<_0 Value="N:\devotional\Music\bakthi"/>
			<_1 Value="G:\data"/>
			<_2 Value="O:\vm2"/>
			<_3 Value="K:\backups\data26Sep2024\data"/>
			<_4 Value="K:\backups\data26Sep2024"/>
			<_5 Value="D:\projects\cts\office\npm21"/>
			<_6 Value="D:\projects\cts\biddingservice_20220509_2118"/>
			<_7 Value="D:\projects2\cts\UOB\ocecustomerweb"/>
			<_8 Value="D:\projects\cts\UOB\ocecustomerwebold2"/>
		</RightMRUSpecs>
	</TDirCompareState>
	<TDirMergeState>
		<LeftMRUSpecs>
			<_0 Value="F:\DeviMusic"/>
		</LeftMRUSpecs>
		<RightMRUSpecs>
			<_0 Value="F:\devotional"/>
		</RightMRUSpecs>
	</TDirMergeState>
	<TDirSyncState>
		<LeftMRUSpecs>
			<_0 Value="D:\projects\study\nextjs\gitdagray\next-js-course\next11\src\app"/>
			<_1 Value="D:\projects\study\nextjs\gitdagray\next-js-course\next11"/>
			<_2 Value="D:\projects\study\nextjs\gitdagray\next-js-course\next03"/>
			<_3 Value="D:\projects\study\nextjs\gitdagray\next-js-course\next01"/>
		</LeftMRUSpecs>
		<RightMRUSpecs>
			<_0 Value="D:\projects\study\nextjs\gitdagray\next-js-course\next12\app"/>
			<_1 Value="D:\projects\study\nextjs\gitdagray\next-js-course\next12"/>
			<_2 Value="D:\projects\study\nextjs\gitdagray\next-js-course\next04"/>
			<_3 Value="D:\projects\study\nextjs\gitdagray\next-js-course\next02"/>
		</RightMRUSpecs>
	</TDirSyncState>
	<THexCompareState>
		<LeftMRUSpecs>
			<_0 Value="D:\projects\cts\UOB\20220326PrepareToMerge\npm\public\assets\fonts\OpenSans-Bold.ttf"/>
		</LeftMRUSpecs>
		<MRUFonts>
			<_0 Value="Consolas;10"/>
		</MRUFonts>
		<RightMRUSpecs>
			<_0 Value="D:\projects\cts\zips\PrepareToMerge_20220326_0448\ocecustomerweb\npm\public\assets\fonts\OpenSans-Bold.ttf"/>
		</RightMRUSpecs>
	</THexCompareState>
	<THomeState>
		<SessionsRatio Value="459"/>
		<SessionType Value="TDirCompareSession"/>
	</THomeState>
	<TOpCompareState>
		<Kind Value="ccRulesBased"/>
	</TOpCompareState>
	<TTextCompareState>
		<LeftMRUSpecs>
			<_0 Value="D:\data\shopping\shoppingOn25Sep2024.docx"/>
			<_1 Value="D:\projects\cts\biddingservice\src\main\java\com\uob\oce\bidding\api\OceApiController.java"/>
			<_2 Value="D:\projects\cts\biddingservice\src\main\java\com\uob\oce\bidding\api\OceApi.java"/>
			<_3 Value="D:\projects\cts\biddingservice\runjar.bat"/>
			<_4 Value="D:\projects\cts\biddingservice\pom.xml"/>
			<_5 Value="D:\projects\cts\azure\UOB\ocecustomerweb\server\server.js"/>
			<_6 Value="D:\projects\cts\azure\UOB\ocecustomerweb\server\src\mockdata\mocKgetExerciseStatus.js"/>
			<_7 Value="D:\projects\cts\azure\UOB\ocecustomerweb\server\src\mockdata\bidsRepo.js"/>
			<_8 Value="D:\projects\cts\azure\UOB\ocecustomerweb\server\src\mockdata\bidMTDetails.js"/>
		</LeftMRUSpecs>
		<MRUFonts>
			<_0 Value="Comic Sans MS;14"/>
			<_1 Value="Consolas;10"/>
		</MRUFonts>
		<RightMRUSpecs>
			<_0 Value="G:\data\shopping\shoppingOn25Sep2024.docx"/>
			<_1 Value="D:\projects\cts\biddingservice_20220509_2118\src\main\java\com\uob\oce\bidding\api\OceApiController.java"/>
			<_2 Value="D:\projects\cts\biddingservice_20220509_2118\src\main\java\com\uob\oce\bidding\api\OceApi.java"/>
			<_3 Value="D:\projects\cts\biddingservice_20220509_2118\pom.xml"/>
			<_4 Value="D:\projects2\cts\UOB\ocecustomerweb\server\server.js"/>
			<_5 Value="D:\projects2\cts\UOB\ocecustomerweb\server\src\mockdata\mocKgetExerciseStatus.js"/>
			<_6 Value="D:\projects2\cts\UOB\ocecustomerweb\server\src\mockdata\bidsRepo.js"/>
			<_7 Value="D:\projects2\cts\UOB\ocecustomerweb\server\src\mockdata\bidMTDetails.js"/>
			<_8 Value="D:\projects\cts\UOB\ocecustomerwebold2\server\server.js"/>
		</RightMRUSpecs>
		<ShowItemNum Value="True"/>
	</TTextCompareState>
	<TTextFindState>
		<FindItems>
			<_0 Value="jenkinsConfig"/>
			<_1 Value="filterChain"/>
			<_2 Value="Cookies"/>
			<_3 Value="MVS"/>
			<_4 Value="ReviseBidPopup"/>
			<_5 Value="reviseBidButton"/>
			<_6 Value="getTotalDetails"/>
			<_7 Value="totalDeposit"/>
			<_8 Value="eoe"/>
		</FindItems>
		<ReplaceItems>
			<_0/>
		</ReplaceItems>
	</TTextFindState>
	<TTextMergeState>
		<CenterMRUSpecs>
			<_0 Value="D:\projects\cts\UOB\ocecustomerweb\npm\src\redux\reducers\bid.js"/>
		</CenterMRUSpecs>
		<LeftMRUSpecs>
			<_0 Value="D:\projects\cts\UOB\ocecustomerweb\npm\src\redux\actions\bid.js"/>
			<_1 Value="D:\projects\cts\UOB\ocecustomerweb\npm\src\pages\MyBids\PrepareBids.js"/>
		</LeftMRUSpecs>
		<MRUFonts>
			<_0 Value="Consolas;10"/>
		</MRUFonts>
		<RightMRUSpecs>
			<_0 Value="D:\projects\cts\UOB\ocecustomerweb\npm\src\redux\constants\action-types.js"/>
			<_1 Value="D:\projects\cts\UOB\ocecustomerweb\npm\src\pages\MyBids\PrepareBids - Copy.js"/>
		</RightMRUSpecs>
	</TTextMergeState>
	<TTextReportState>
		<OutputFormat Value="ofHTML"/>
	</TTextReportState>
	<TTipState>
		<DontShowAgain Value="[tipFastRefresh]"/>
	</TTipState>
</BCState>
